cp_measure_feature,cp_measure_module,cellprofiler_equivalent,cellprofiler_module,naming_rule,confidence,rsi,rsi_category,correction_strategy,note
BoundingBoxMaximum_Y,measureobjectsizeshape,,MeasureObjectSizeShape,,medium,1.46484,high,,
BoundingBoxMinimum_Y,measureobjectsizeshape,,MeasureObjectSizeShape,,medium,1.629402,high,,
Center_X,measureobjectsizeshape.get_sizeshape,AreaShape_Center_X,MeasureObjectSizeShape,AreaShape_{cp_name}  (no channel needed — shape is image-independent),medium,5.214594,high,,
Center_Y,measureobjectsizeshape.get_sizeshape,AreaShape_Center_Y,MeasureObjectSizeShape,AreaShape_{cp_name}  (no channel needed — shape is image-independent),medium,5.638931,high,,
CentralMoment_0_3,measureobjectsizeshape,,MeasureObjectSizeShape,,medium,3.17944,high,moment_rotation_correction,
CentralMoment_1_0,measureobjectsizeshape,,MeasureObjectSizeShape,,medium,13.688272,high,moment_rotation_correction,
CentralMoment_1_1,measureobjectsizeshape,,MeasureObjectSizeShape,,medium,1036113.75,high,moment_rotation_correction,
CentralMoment_1_3,measureobjectsizeshape,,MeasureObjectSizeShape,,medium,421663.84375,high,moment_rotation_correction,
CentralMoment_2_0,measureobjectsizeshape,,MeasureObjectSizeShape,,medium,6.393626,high,moment_rotation_correction,
CentralMoment_2_1,measureobjectsizeshape,,MeasureObjectSizeShape,,medium,34.821255,high,moment_rotation_correction,
CentralMoment_2_2,measureobjectsizeshape,,MeasureObjectSizeShape,,medium,1.187804,high,moment_rotation_correction,
CentralMoment_2_3,measureobjectsizeshape,,MeasureObjectSizeShape,,medium,18.11096,high,moment_rotation_correction,
Extent,measureobjectsizeshape.get_sizeshape,AreaShape_Extent,MeasureObjectSizeShape,AreaShape_{cp_name}  (no channel needed — shape is image-independent),high,3.921066,high,,
Granularity_3,measuregranularity.get_granularity,Granularity_3_{image},MeasureGranularity,,medium,4.389052,high,,
Granularity_6,measuregranularity.get_granularity,Granularity_6_{image},MeasureGranularity,,medium,48.647114,high,,
InertiaTensor_0_1,measureobjectsizeshape,,MeasureObjectSizeShape,,medium,427775.0,high,moment_rotation_correction,
InertiaTensor_1_0,measureobjectsizeshape,,MeasureObjectSizeShape,,medium,427775.0,high,moment_rotation_correction,
InertiaTensor_1_1,measureobjectsizeshape,,MeasureObjectSizeShape,,medium,8.602487,high,moment_rotation_correction,
Location_CenterMassIntensity_Y,measureobjectintensity.get_intensity,Location_CenterMassIntensity_Y_{image},MeasureObjectIntensity,{cp_name}_{image}  (append channel/image name),medium,5.344895,high,convert_to_distance_from_centroid,
Location_MaxIntensity_Y,measureobjectintensity.get_intensity,Location_MaxIntensity_Y_{image},MeasureObjectIntensity,{cp_name}_{image}  (append channel/image name),medium,3.748785,high,convert_to_distance_from_centroid,
NormalizedMoment_1_1,measureobjectsizeshape,,MeasureObjectSizeShape,,medium,30353.916016,high,moment_rotation_correction,
NormalizedMoment_1_2,measureobjectsizeshape,,MeasureObjectSizeShape,,medium,1.148977,high,moment_rotation_correction,
NormalizedMoment_1_3,measureobjectsizeshape,,MeasureObjectSizeShape,,medium,43372.574219,high,moment_rotation_correction,
NormalizedMoment_2_0,measureobjectsizeshape,,MeasureObjectSizeShape,,medium,7.877635,high,moment_rotation_correction,
NormalizedMoment_2_1,measureobjectsizeshape,,MeasureObjectSizeShape,,medium,1.65541,high,moment_rotation_correction,
NormalizedMoment_2_2,measureobjectsizeshape,,MeasureObjectSizeShape,,medium,254.238617,high,moment_rotation_correction,
NormalizedMoment_2_3,measureobjectsizeshape,,MeasureObjectSizeShape,,medium,3.518361,high,moment_rotation_correction,
NormalizedMoment_3_0,measureobjectsizeshape,,MeasureObjectSizeShape,,medium,8.229285,high,moment_rotation_correction,
NormalizedMoment_3_1,measureobjectsizeshape,,MeasureObjectSizeShape,,medium,152885.3125,high,moment_rotation_correction,
NormalizedMoment_3_2,measureobjectsizeshape,,MeasureObjectSizeShape,,medium,15.154564,high,moment_rotation_correction,
NormalizedMoment_3_3,measureobjectsizeshape,,MeasureObjectSizeShape,,medium,346883.3125,high,moment_rotation_correction,
RadialDistribution_ZernikePhase_1_1,measureobjectintensitydistribution,RadialDistribution_ZernikePhase_1_1_{image},MeasureObjectIntensityDistribution,,medium,1.172593,high,phase_minus_m_times_orientation,
RadialDistribution_ZernikePhase_2_2,measureobjectintensitydistribution,RadialDistribution_ZernikePhase_2_2_{image},MeasureObjectIntensityDistribution,,medium,2.172742,high,phase_minus_m_times_orientation,
RadialDistribution_ZernikePhase_3_1,measureobjectintensitydistribution,RadialDistribution_ZernikePhase_3_1_{image},MeasureObjectIntensityDistribution,,medium,1.021347,high,phase_minus_m_times_orientation,
RadialDistribution_ZernikePhase_4_2,measureobjectintensitydistribution,RadialDistribution_ZernikePhase_4_2_{image},MeasureObjectIntensityDistribution,,medium,1.928812,high,phase_minus_m_times_orientation,
RadialDistribution_ZernikePhase_4_4,measureobjectintensitydistribution,RadialDistribution_ZernikePhase_4_4_{image},MeasureObjectIntensityDistribution,,medium,4.034132,high,phase_minus_m_times_orientation,
RadialDistribution_ZernikePhase_5_3,measureobjectintensitydistribution,RadialDistribution_ZernikePhase_5_3_{image},MeasureObjectIntensityDistribution,,medium,1.160128,high,phase_minus_m_times_orientation,
RadialDistribution_ZernikePhase_5_5,measureobjectintensitydistribution,RadialDistribution_ZernikePhase_5_5_{image},MeasureObjectIntensityDistribution,,medium,1.408571,high,phase_minus_m_times_orientation,
RadialDistribution_ZernikePhase_6_2,measureobjectintensitydistribution,RadialDistribution_ZernikePhase_6_2_{image},MeasureObjectIntensityDistribution,,medium,1.179858,high,phase_minus_m_times_orientation,
RadialDistribution_ZernikePhase_6_4,measureobjectintensitydistribution,RadialDistribution_ZernikePhase_6_4_{image},MeasureObjectIntensityDistribution,,medium,1.242102,high,phase_minus_m_times_orientation,
RadialDistribution_ZernikePhase_6_6,measureobjectintensitydistribution,RadialDistribution_ZernikePhase_6_6_{image},MeasureObjectIntensityDistribution,,medium,2.474732,high,phase_minus_m_times_orientation,
RadialDistribution_ZernikePhase_7_3,measureobjectintensitydistribution,RadialDistribution_ZernikePhase_7_3_{image},MeasureObjectIntensityDistribution,,medium,1.048053,high,phase_minus_m_times_orientation,
RadialDistribution_ZernikePhase_7_7,measureobjectintensitydistribution,RadialDistribution_ZernikePhase_7_7_{image},MeasureObjectIntensityDistribution,,medium,1.022233,high,phase_minus_m_times_orientation,
RadialDistribution_ZernikePhase_8_2,measureobjectintensitydistribution,RadialDistribution_ZernikePhase_8_2_{image},MeasureObjectIntensityDistribution,,medium,1.085974,high,phase_minus_m_times_orientation,
RadialDistribution_ZernikePhase_8_4,measureobjectintensitydistribution,RadialDistribution_ZernikePhase_8_4_{image},MeasureObjectIntensityDistribution,,medium,1.165715,high,phase_minus_m_times_orientation,
RadialDistribution_ZernikePhase_8_6,measureobjectintensitydistribution,RadialDistribution_ZernikePhase_8_6_{image},MeasureObjectIntensityDistribution,,medium,1.136552,high,phase_minus_m_times_orientation,
RadialDistribution_ZernikePhase_8_8,measureobjectintensitydistribution,RadialDistribution_ZernikePhase_8_8_{image},MeasureObjectIntensityDistribution,,medium,1.824479,high,phase_minus_m_times_orientation,
RadialDistribution_ZernikePhase_9_3,measureobjectintensitydistribution,RadialDistribution_ZernikePhase_9_3_{image},MeasureObjectIntensityDistribution,,medium,1.062164,high,phase_minus_m_times_orientation,
RadialDistribution_ZernikePhase_9_7,measureobjectintensitydistribution,RadialDistribution_ZernikePhase_9_7_{image},MeasureObjectIntensityDistribution,,medium,1.113308,high,phase_minus_m_times_orientation,
RadialDistribution_ZernikePhase_9_9,measureobjectintensitydistribution,RadialDistribution_ZernikePhase_9_9_{image},MeasureObjectIntensityDistribution,,medium,1.233733,high,phase_minus_m_times_orientation,
SpatialMoment_2_0,measureobjectsizeshape,,MeasureObjectSizeShape,,medium,6.671784,high,moment_rotation_correction,
SpatialMoment_2_1,measureobjectsizeshape,,MeasureObjectSizeShape,,medium,2.887498,high,moment_rotation_correction,
SpatialMoment_2_2,measureobjectsizeshape,,MeasureObjectSizeShape,,medium,2.862123,high,moment_rotation_correction,
SpatialMoment_2_3,measureobjectsizeshape,,MeasureObjectSizeShape,,medium,2.86074,high,moment_rotation_correction,
BoundingBoxArea,measureobjectsizeshape.get_sizeshape,,MeasureObjectSizeShape,AreaShape_{cp_name}  (no channel needed — shape is image-independent),low,0.23477,moderate,,No direct CellProfiler equivalent; closest is bounding box min/max
BoundingBoxMaximum_X,measureobjectsizeshape,,MeasureObjectSizeShape,,medium,0.201027,moderate,,
BoundingBoxMinimum_X,measureobjectsizeshape,,MeasureObjectSizeShape,,medium,0.199998,moderate,,
CentralMoment_0_1,measureobjectsizeshape,,MeasureObjectSizeShape,,medium,0.815868,moderate,moment_rotation_correction,
CentralMoment_0_2,measureobjectsizeshape,,MeasureObjectSizeShape,,medium,0.131957,moderate,moment_rotation_correction,
Contrast_10_00_256,measuretexture.get_texture,Texture_Contrast_{image}_10_00_256,MeasureTexture,,medium,0.136863,moderate,,
Contrast_10_01_256,measuretexture.get_texture,Texture_Contrast_{image}_10_01_256,MeasureTexture,,medium,0.382546,moderate,,
Contrast_10_03_256,measuretexture.get_texture,Texture_Contrast_{image}_10_03_256,MeasureTexture,,medium,0.528984,moderate,,
Correlation_10_00_256,measuretexture.get_texture,Texture_Correlation_{image}_10_00_256,MeasureTexture,,medium,0.19816,moderate,,
Correlation_10_01_256,measuretexture.get_texture,Texture_Correlation_{image}_10_01_256,MeasureTexture,,medium,0.909566,moderate,,
Correlation_10_02_256,measuretexture.get_texture,Texture_Correlation_{image}_10_02_256,MeasureTexture,,medium,0.229388,moderate,,
Correlation_10_03_256,measuretexture.get_texture,Texture_Correlation_{image}_10_03_256,MeasureTexture,,medium,0.551551,moderate,,
Correlation_5_01_256,measuretexture.get_texture,Texture_Correlation_{image}_5_01_256,MeasureTexture,,medium,0.100025,moderate,,
Correlation_5_03_256,measuretexture.get_texture,Texture_Correlation_{image}_5_03_256,MeasureTexture,,medium,0.111907,moderate,,
Granularity_2,measuregranularity.get_granularity,Granularity_2_{image},MeasureGranularity,,medium,0.163395,moderate,,
Granularity_5,measuregranularity.get_granularity,Granularity_5_{image},MeasureGranularity,,medium,0.261417,moderate,,
Granularity_7,measuregranularity.get_granularity,Granularity_7_{image},MeasureGranularity,,medium,0.250705,moderate,,
InertiaTensor_0_0,measureobjectsizeshape.get_sizeshape,,MeasureObjectSizeShape,AreaShape_{cp_name}  (no channel needed — shape is image-independent),low,0.185698,moderate,moment_rotation_correction,cp_measure only
InfoMeas1_10_01_256,measuretexture.get_texture,Texture_InfoMeas1_{image}_10_01_256,MeasureTexture,,medium,0.105583,moderate,,
InfoMeas1_10_03_256,measuretexture.get_texture,Texture_InfoMeas1_{image}_10_03_256,MeasureTexture,,medium,0.106366,moderate,,
InfoMeas1_3_00_256,measuretexture.get_texture,Texture_InfoMeas1_{image}_3_00_256,MeasureTexture,,medium,0.140369,moderate,,
InfoMeas2_3_00_256,measuretexture.get_texture,Texture_InfoMeas2_{image}_3_00_256,MeasureTexture,,medium,0.194581,moderate,,
Intensity_MinIntensity,measureobjectintensity.get_intensity,Intensity_MinIntensity_{image},MeasureObjectIntensity,{cp_name}_{image}  (append channel/image name),high,0.153465,moderate,,
Intensity_MinIntensityEdge,measureobjectintensity.get_intensity,Intensity_MinIntensityEdge_{image},MeasureObjectIntensity,{cp_name}_{image}  (append channel/image name),high,0.153465,moderate,,
Location_CenterMassIntensity_X,measureobjectintensity.get_intensity,Location_CenterMassIntensity_X_{image},MeasureObjectIntensity,{cp_name}_{image}  (append channel/image name),medium,0.587861,moderate,convert_to_distance_from_centroid,
Location_MaxIntensity_X,measureobjectintensity.get_intensity,Location_MaxIntensity_X_{image},MeasureObjectIntensity,{cp_name}_{image}  (append channel/image name),medium,0.628526,moderate,convert_to_distance_from_centroid,
NormalizedMoment_0_2,measureobjectsizeshape,,MeasureObjectSizeShape,,medium,0.572697,moderate,moment_rotation_correction,
NormalizedMoment_0_3,measureobjectsizeshape,,MeasureObjectSizeShape,,medium,0.684848,moderate,moment_rotation_correction,
Orientation,measureobjectsizeshape.get_sizeshape,AreaShape_Orientation,MeasureObjectSizeShape,AreaShape_{cp_name}  (no channel needed — shape is image-independent),high,0.395961,moderate,,
RadialDistribution_MeanFrac_1of4,measureobjectintensitydistribution,RadialDistribution_MeanFrac_1of4_{image},MeasureObjectIntensityDistribution,,medium,0.119176,moderate,,
RadialDistribution_RadialCV_1of4,measureobjectintensitydistribution,RadialDistribution_RadialCV_1of4_{image},MeasureObjectIntensityDistribution,,medium,0.124249,moderate,,
RadialDistribution_ZernikeMagnitude_1_1,measureobjectintensitydistribution,RadialDistribution_ZernikeMagnitude_1_1_{image},MeasureObjectIntensityDistribution,,medium,0.407809,moderate,,
RadialDistribution_ZernikeMagnitude_3_1,measureobjectintensitydistribution,RadialDistribution_ZernikeMagnitude_3_1_{image},MeasureObjectIntensityDistribution,,medium,0.327735,moderate,,
RadialDistribution_ZernikeMagnitude_3_3,measureobjectintensitydistribution,RadialDistribution_ZernikeMagnitude_3_3_{image},MeasureObjectIntensityDistribution,,medium,0.651066,moderate,,
RadialDistribution_ZernikeMagnitude_5_1,measureobjectintensitydistribution,RadialDistribution_ZernikeMagnitude_5_1_{image},MeasureObjectIntensityDistribution,,medium,0.405968,moderate,,
RadialDistribution_ZernikeMagnitude_5_3,measureobjectintensitydistribution,RadialDistribution_ZernikeMagnitude_5_3_{image},MeasureObjectIntensityDistribution,,medium,0.298499,moderate,,
RadialDistribution_ZernikeMagnitude_5_5,measureobjectintensitydistribution,RadialDistribution_ZernikeMagnitude_5_5_{image},MeasureObjectIntensityDistribution,,medium,0.813835,moderate,,
RadialDistribution_ZernikeMagnitude_7_1,measureobjectintensitydistribution,RadialDistribution_ZernikeMagnitude_7_1_{image},MeasureObjectIntensityDistribution,,medium,0.44332,moderate,,
RadialDistribution_ZernikeMagnitude_7_3,measureobjectintensitydistribution,RadialDistribution_ZernikeMagnitude_7_3_{image},MeasureObjectIntensityDistribution,,medium,0.457878,moderate,,
RadialDistribution_ZernikeMagnitude_7_5,measureobjectintensitydistribution,RadialDistribution_ZernikeMagnitude_7_5_{image},MeasureObjectIntensityDistribution,,medium,0.525331,moderate,,
RadialDistribution_ZernikeMagnitude_7_7,measureobjectintensitydistribution,RadialDistribution_ZernikeMagnitude_7_7_{image},MeasureObjectIntensityDistribution,,medium,0.828033,moderate,,
RadialDistribution_ZernikeMagnitude_9_1,measureobjectintensitydistribution,RadialDistribution_ZernikeMagnitude_9_1_{image},MeasureObjectIntensityDistribution,,medium,0.634949,moderate,,
RadialDistribution_ZernikeMagnitude_9_3,measureobjectintensitydistribution,RadialDistribution_ZernikeMagnitude_9_3_{image},MeasureObjectIntensityDistribution,,medium,0.709335,moderate,,
RadialDistribution_ZernikeMagnitude_9_5,measureobjectintensitydistribution,RadialDistribution_ZernikeMagnitude_9_5_{image},MeasureObjectIntensityDistribution,,medium,0.597969,moderate,,
RadialDistribution_ZernikeMagnitude_9_7,measureobjectintensitydistribution,RadialDistribution_ZernikeMagnitude_9_7_{image},MeasureObjectIntensityDistribution,,medium,0.752283,moderate,,
RadialDistribution_ZernikeMagnitude_9_9,measureobjectintensitydistribution,RadialDistribution_ZernikeMagnitude_9_9_{image},MeasureObjectIntensityDistribution,,medium,0.930426,moderate,,
RadialDistribution_ZernikePhase_3_3,measureobjectintensitydistribution,RadialDistribution_ZernikePhase_3_3_{image},MeasureObjectIntensityDistribution,,medium,0.948281,moderate,phase_minus_m_times_orientation,
RadialDistribution_ZernikePhase_5_1,measureobjectintensitydistribution,RadialDistribution_ZernikePhase_5_1_{image},MeasureObjectIntensityDistribution,,medium,0.948217,moderate,phase_minus_m_times_orientation,
RadialDistribution_ZernikePhase_7_1,measureobjectintensitydistribution,RadialDistribution_ZernikePhase_7_1_{image},MeasureObjectIntensityDistribution,,medium,0.973151,moderate,phase_minus_m_times_orientation,
RadialDistribution_ZernikePhase_7_5,measureobjectintensitydistribution,RadialDistribution_ZernikePhase_7_5_{image},MeasureObjectIntensityDistribution,,medium,0.98942,moderate,phase_minus_m_times_orientation,
RadialDistribution_ZernikePhase_9_1,measureobjectintensitydistribution,RadialDistribution_ZernikePhase_9_1_{image},MeasureObjectIntensityDistribution,,medium,0.973285,moderate,phase_minus_m_times_orientation,
RadialDistribution_ZernikePhase_9_5,measureobjectintensitydistribution,RadialDistribution_ZernikePhase_9_5_{image},MeasureObjectIntensityDistribution,,medium,0.879304,moderate,phase_minus_m_times_orientation,
SpatialMoment_0_2,measureobjectsizeshape,,MeasureObjectSizeShape,,medium,0.142424,moderate,moment_rotation_correction,
SpatialMoment_0_3,measureobjectsizeshape,,MeasureObjectSizeShape,,medium,0.169882,moderate,moment_rotation_correction,
SpatialMoment_1_0,measureobjectsizeshape,,MeasureObjectSizeShape,,medium,0.556954,moderate,moment_rotation_correction,
SpatialMoment_1_1,measureobjectsizeshape,,MeasureObjectSizeShape,,medium,0.277543,moderate,moment_rotation_correction,
SpatialMoment_1_2,measureobjectsizeshape,,MeasureObjectSizeShape,,medium,0.421617,moderate,moment_rotation_correction,
SpatialMoment_1_3,measureobjectsizeshape,,MeasureObjectSizeShape,,medium,0.496024,moderate,moment_rotation_correction,
SumVariance_10_01_256,measuretexture.get_texture,Texture_SumVariance_{image}_10_01_256,MeasureTexture,,medium,0.124695,moderate,,
SumVariance_10_03_256,measuretexture.get_texture,Texture_SumVariance_{image}_10_03_256,MeasureTexture,,medium,0.157879,moderate,,
Variance_10_01_256,measuretexture.get_texture,Texture_Variance_{image}_10_01_256,MeasureTexture,,medium,0.200527,moderate,,
Variance_10_03_256,measuretexture.get_texture,Texture_Variance_{image}_10_03_256,MeasureTexture,,medium,0.258188,moderate,,
AngularSecondMoment_10_00_256,measuretexture.get_texture,Texture_AngularSecondMoment_{image}_10_00_256,MeasureTexture,,medium,0.011112,low,,
AngularSecondMoment_10_01_256,measuretexture.get_texture,Texture_AngularSecondMoment_{image}_10_01_256,MeasureTexture,,medium,0.022619,low,,
AngularSecondMoment_10_02_256,measuretexture.get_texture,Texture_AngularSecondMoment_{image}_10_02_256,MeasureTexture,,medium,0.014668,low,,
AngularSecondMoment_10_03_256,measuretexture.get_texture,Texture_AngularSecondMoment_{image}_10_03_256,MeasureTexture,,medium,0.022501,low,,
CentralMoment_1_2,measureobjectsizeshape,,MeasureObjectSizeShape,,medium,0.097743,low,moment_rotation_correction,
Contrast_10_02_256,measuretexture.get_texture,Texture_Contrast_{image}_10_02_256,MeasureTexture,,medium,0.075024,low,,
Contrast_3_00_256,measuretexture.get_texture,Texture_Contrast_{image}_3_00_256,MeasureTexture,,medium,0.037038,low,,
Contrast_3_01_256,measuretexture.get_texture,Texture_Contrast_{image}_3_01_256,MeasureTexture,,medium,0.040402,low,,
Contrast_3_02_256,measuretexture.get_texture,Texture_Contrast_{image}_3_02_256,MeasureTexture,,medium,0.027832,low,,
Contrast_3_03_256,measuretexture.get_texture,Texture_Contrast_{image}_3_03_256,MeasureTexture,,medium,0.043082,low,,
Contrast_5_00_256,measuretexture.get_texture,Texture_Contrast_{image}_5_00_256,MeasureTexture,,medium,0.057469,low,,
Contrast_5_01_256,measuretexture.get_texture,Texture_Contrast_{image}_5_01_256,MeasureTexture,,medium,0.061121,low,,
Contrast_5_02_256,measuretexture.get_texture,Texture_Contrast_{image}_5_02_256,MeasureTexture,,medium,0.04512,low,,
Contrast_5_03_256,measuretexture.get_texture,Texture_Contrast_{image}_5_03_256,MeasureTexture,,medium,0.065394,low,,
Correlation_3_00_256,measuretexture.get_texture,Texture_Correlation_{image}_3_00_256,MeasureTexture,,medium,0.055969,low,,
Correlation_3_01_256,measuretexture.get_texture,Texture_Correlation_{image}_3_01_256,MeasureTexture,,medium,0.042048,low,,
Correlation_3_02_256,measuretexture.get_texture,Texture_Correlation_{image}_3_02_256,MeasureTexture,,medium,0.044856,low,,
Correlation_3_03_256,measuretexture.get_texture,Texture_Correlation_{image}_3_03_256,MeasureTexture,,medium,0.043868,low,,
Correlation_5_00_256,measuretexture.get_texture,Texture_Correlation_{image}_5_00_256,MeasureTexture,,medium,0.068653,low,,
Correlation_5_02_256,measuretexture.get_texture,Texture_Correlation_{image}_5_02_256,MeasureTexture,,medium,0.066973,low,,
DifferenceEntropy_10_01_256,measuretexture.get_texture,Texture_DifferenceEntropy_{image}_10_01_256,MeasureTexture,,medium,0.039852,low,,
DifferenceEntropy_10_02_256,measuretexture.get_texture,Texture_DifferenceEntropy_{image}_10_02_256,MeasureTexture,,medium,0.011718,low,,
DifferenceEntropy_10_03_256,measuretexture.get_texture,Texture_DifferenceEntropy_{image}_10_03_256,MeasureTexture,,medium,0.037033,low,,
DifferenceVariance_10_00_256,measuretexture.get_texture,Texture_DifferenceVariance_{image}_10_00_256,MeasureTexture,,medium,0.010293,low,,
DifferenceVariance_10_01_256,measuretexture.get_texture,Texture_DifferenceVariance_{image}_10_01_256,MeasureTexture,,medium,0.024494,low,,
DifferenceVariance_10_02_256,measuretexture.get_texture,Texture_DifferenceVariance_{image}_10_02_256,MeasureTexture,,medium,0.013715,low,,
DifferenceVariance_10_03_256,measuretexture.get_texture,Texture_DifferenceVariance_{image}_10_03_256,MeasureTexture,,medium,0.022036,low,,
Entropy_10_01_256,measuretexture.get_texture,Texture_Entropy_{image}_10_01_256,MeasureTexture,,medium,0.026525,low,,
Entropy_10_03_256,measuretexture.get_texture,Texture_Entropy_{image}_10_03_256,MeasureTexture,,medium,0.02617,low,,
Granularity_1,measuregranularity.get_granularity,Granularity_1_{image},MeasureGranularity,,medium,0.045342,low,,
Granularity_4,measuregranularity.get_granularity,Granularity_4_{image},MeasureGranularity,,medium,0.058792,low,,
InfoMeas1_10_00_256,measuretexture.get_texture,Texture_InfoMeas1_{image}_10_00_256,MeasureTexture,,medium,0.054175,low,,
InfoMeas1_10_02_256,measuretexture.get_texture,Texture_InfoMeas1_{image}_10_02_256,MeasureTexture,,medium,0.029422,low,,
InfoMeas1_3_01_256,measuretexture.get_texture,Texture_InfoMeas1_{image}_3_01_256,MeasureTexture,,medium,0.052035,low,,
InfoMeas1_3_02_256,measuretexture.get_texture,Texture_InfoMeas1_{image}_3_02_256,MeasureTexture,,medium,0.094107,low,,
InfoMeas1_3_03_256,measuretexture.get_texture,Texture_InfoMeas1_{image}_3_03_256,MeasureTexture,,medium,0.051726,low,,
InfoMeas1_5_00_256,measuretexture.get_texture,Texture_InfoMeas1_{image}_5_00_256,MeasureTexture,,medium,0.081127,low,,
InfoMeas1_5_01_256,measuretexture.get_texture,Texture_InfoMeas1_{image}_5_01_256,MeasureTexture,,medium,0.028504,low,,
InfoMeas1_5_02_256,measuretexture.get_texture,Texture_InfoMeas1_{image}_5_02_256,MeasureTexture,,medium,0.050108,low,,
InfoMeas1_5_03_256,measuretexture.get_texture,Texture_InfoMeas1_{image}_5_03_256,MeasureTexture,,medium,0.027992,low,,
InfoMeas2_10_00_256,measuretexture.get_texture,Texture_InfoMeas2_{image}_10_00_256,MeasureTexture,,medium,0.038135,low,,
InfoMeas2_10_01_256,measuretexture.get_texture,Texture_InfoMeas2_{image}_10_01_256,MeasureTexture,,medium,0.025125,low,,
InfoMeas2_10_02_256,measuretexture.get_texture,Texture_InfoMeas2_{image}_10_02_256,MeasureTexture,,medium,0.021532,low,,
InfoMeas2_10_03_256,measuretexture.get_texture,Texture_InfoMeas2_{image}_10_03_256,MeasureTexture,,medium,0.025919,low,,
InfoMeas2_3_01_256,measuretexture.get_texture,Texture_InfoMeas2_{image}_3_01_256,MeasureTexture,,medium,0.037679,low,,
InfoMeas2_3_02_256,measuretexture.get_texture,Texture_InfoMeas2_{image}_3_02_256,MeasureTexture,,medium,0.054788,low,,
InfoMeas2_3_03_256,measuretexture.get_texture,Texture_InfoMeas2_{image}_3_03_256,MeasureTexture,,medium,0.037304,low,,
InfoMeas2_5_00_256,measuretexture.get_texture,Texture_InfoMeas2_{image}_5_00_256,MeasureTexture,,medium,0.097327,low,,
InfoMeas2_5_01_256,measuretexture.get_texture,Texture_InfoMeas2_{image}_5_01_256,MeasureTexture,,medium,0.021573,low,,
InfoMeas2_5_02_256,measuretexture.get_texture,Texture_InfoMeas2_{image}_5_02_256,MeasureTexture,,medium,0.038223,low,,
InfoMeas2_5_03_256,measuretexture.get_texture,Texture_InfoMeas2_{image}_5_03_256,MeasureTexture,,medium,0.021255,low,,
Intensity_StdIntensityEdge,measureobjectintensity.get_intensity,Intensity_StdIntensityEdge_{image},MeasureObjectIntensity,{cp_name}_{image}  (append channel/image name),high,0.03707,low,,
InverseDifferenceMoment_10_00_256,measuretexture.get_texture,Texture_InverseDifferenceMoment_{image}_10_00_256,MeasureTexture,,medium,0.010131,low,,
InverseDifferenceMoment_10_01_256,measuretexture.get_texture,Texture_InverseDifferenceMoment_{image}_10_01_256,MeasureTexture,,medium,0.040895,low,,
InverseDifferenceMoment_10_02_256,measuretexture.get_texture,Texture_InverseDifferenceMoment_{image}_10_02_256,MeasureTexture,,medium,0.012335,low,,
InverseDifferenceMoment_10_03_256,measuretexture.get_texture,Texture_InverseDifferenceMoment_{image}_10_03_256,MeasureTexture,,medium,0.037947,low,,
RadialDistribution_FracAtD_3of4,measureobjectintensitydistribution,RadialDistribution_FracAtD_3of4_{image},MeasureObjectIntensityDistribution,,medium,0.022808,low,,
RadialDistribution_MeanFrac_2of4,measureobjectintensitydistribution,RadialDistribution_MeanFrac_2of4_{image},MeasureObjectIntensityDistribution,,medium,0.072543,low,,
RadialDistribution_MeanFrac_3of4,measureobjectintensitydistribution,RadialDistribution_MeanFrac_3of4_{image},MeasureObjectIntensityDistribution,,medium,0.089803,low,,
RadialDistribution_MeanFrac_4of4,measureobjectintensitydistribution,RadialDistribution_MeanFrac_4of4_{image},MeasureObjectIntensityDistribution,,medium,0.0321,low,,
RadialDistribution_RadialCV_2of4,measureobjectintensitydistribution,RadialDistribution_RadialCV_2of4_{image},MeasureObjectIntensityDistribution,,medium,0.057454,low,,
RadialDistribution_RadialCV_3of4,measureobjectintensitydistribution,RadialDistribution_RadialCV_3of4_{image},MeasureObjectIntensityDistribution,,medium,0.028885,low,,
RadialDistribution_RadialCV_4of4,measureobjectintensitydistribution,RadialDistribution_RadialCV_4of4_{image},MeasureObjectIntensityDistribution,,medium,0.046544,low,,
RadialDistribution_ZernikeMagnitude_8_0,measureobjectintensitydistribution,RadialDistribution_ZernikeMagnitude_8_0_{image},MeasureObjectIntensityDistribution,,medium,0.014643,low,,
RadialDistribution_ZernikeMagnitude_8_4,measureobjectintensitydistribution,RadialDistribution_ZernikeMagnitude_8_4_{image},MeasureObjectIntensityDistribution,,medium,0.011797,low,,
RadialDistribution_ZernikePhase_2_0,measureobjectintensitydistribution,RadialDistribution_ZernikePhase_2_0_{image},MeasureObjectIntensityDistribution,,medium,0.073827,low,phase_minus_m_times_orientation,
RadialDistribution_ZernikePhase_8_0,measureobjectintensitydistribution,RadialDistribution_ZernikePhase_8_0_{image},MeasureObjectIntensityDistribution,,medium,0.062441,low,phase_minus_m_times_orientation,
Solidity,measureobjectsizeshape.get_sizeshape,AreaShape_Solidity,MeasureObjectSizeShape,AreaShape_{cp_name}  (no channel needed — shape is image-independent),high,0.082689,low,,
SpatialMoment_0_1,measureobjectsizeshape,,MeasureObjectSizeShape,,medium,0.079885,low,moment_rotation_correction,
SumEntropy_10_01_256,measuretexture.get_texture,Texture_SumEntropy_{image}_10_01_256,MeasureTexture,,medium,0.036058,low,,
SumEntropy_10_03_256,measuretexture.get_texture,Texture_SumEntropy_{image}_10_03_256,MeasureTexture,,medium,0.036573,low,,
SumVariance_10_00_256,measuretexture.get_texture,Texture_SumVariance_{image}_10_00_256,MeasureTexture,,medium,0.05872,low,,
SumVariance_10_02_256,measuretexture.get_texture,Texture_SumVariance_{image}_10_02_256,MeasureTexture,,medium,0.045264,low,,
SumVariance_5_00_256,measuretexture.get_texture,Texture_SumVariance_{image}_5_00_256,MeasureTexture,,medium,0.010967,low,,
SumVariance_5_01_256,measuretexture.get_texture,Texture_SumVariance_{image}_5_01_256,MeasureTexture,,medium,0.020421,low,,
SumVariance_5_02_256,measuretexture.get_texture,Texture_SumVariance_{image}_5_02_256,MeasureTexture,,medium,0.010887,low,,
SumVariance_5_03_256,measuretexture.get_texture,Texture_SumVariance_{image}_5_03_256,MeasureTexture,,medium,0.022302,low,,
Variance_10_00_256,measuretexture.get_texture,Texture_Variance_{image}_10_00_256,MeasureTexture,,medium,0.052738,low,,
Variance_10_02_256,measuretexture.get_texture,Texture_Variance_{image}_10_02_256,MeasureTexture,,medium,0.03336,low,,
Variance_5_00_256,measuretexture.get_texture,Texture_Variance_{image}_5_00_256,MeasureTexture,,medium,0.010705,low,,
Variance_5_01_256,measuretexture.get_texture,Texture_Variance_{image}_5_01_256,MeasureTexture,,medium,0.013623,low,,
Variance_5_03_256,measuretexture.get_texture,Texture_Variance_{image}_5_03_256,MeasureTexture,,medium,0.013999,low,,
Zernike_4_0,measureobjectsizeshape.get_zernike,AreaShape_Zernike_4_0,MeasureObjectSizeShape (Zernike option),AreaShape_Zernike_{n}_{m},high,0.01493,low,,
Zernike_4_4,measureobjectsizeshape.get_zernike,AreaShape_Zernike_4_4,MeasureObjectSizeShape (Zernike option),AreaShape_Zernike_{n}_{m},high,0.016629,low,,
Zernike_6_0,measureobjectsizeshape.get_zernike,AreaShape_Zernike_6_0,MeasureObjectSizeShape (Zernike option),AreaShape_Zernike_{n}_{m},high,0.05911,low,,
Zernike_6_2,measureobjectsizeshape.get_zernike,AreaShape_Zernike_6_2,MeasureObjectSizeShape (Zernike option),AreaShape_Zernike_{n}_{m},high,0.02149,low,,
Zernike_6_4,measureobjectsizeshape.get_zernike,AreaShape_Zernike_6_4,MeasureObjectSizeShape (Zernike option),AreaShape_Zernike_{n}_{m},high,0.036218,low,,
Zernike_6_6,measureobjectsizeshape.get_zernike,AreaShape_Zernike_6_6,MeasureObjectSizeShape (Zernike option),AreaShape_Zernike_{n}_{m},high,0.042334,low,,
Zernike_8_0,measureobjectsizeshape.get_zernike,AreaShape_Zernike_8_0,MeasureObjectSizeShape (Zernike option),AreaShape_Zernike_{n}_{m},high,0.083738,low,,
Zernike_8_2,measureobjectsizeshape.get_zernike,AreaShape_Zernike_8_2,MeasureObjectSizeShape (Zernike option),AreaShape_Zernike_{n}_{m},high,0.033535,low,,
Zernike_8_4,measureobjectsizeshape.get_zernike,AreaShape_Zernike_8_4,MeasureObjectSizeShape (Zernike option),AreaShape_Zernike_{n}_{m},high,0.080125,low,,
Zernike_8_6,measureobjectsizeshape.get_zernike,AreaShape_Zernike_8_6,MeasureObjectSizeShape (Zernike option),AreaShape_Zernike_{n}_{m},high,0.078445,low,,
Zernike_8_8,measureobjectsizeshape.get_zernike,AreaShape_Zernike_8_8,MeasureObjectSizeShape (Zernike option),AreaShape_Zernike_{n}_{m},high,0.086298,low,,
AngularSecondMoment_3_00_256,measuretexture.get_texture,Texture_AngularSecondMoment_{image}_3_00_256,MeasureTexture,,medium,0.000601,stable,,
AngularSecondMoment_3_01_256,measuretexture.get_texture,Texture_AngularSecondMoment_{image}_3_01_256,MeasureTexture,,medium,0.001205,stable,,
AngularSecondMoment_3_02_256,measuretexture.get_texture,Texture_AngularSecondMoment_{image}_3_02_256,MeasureTexture,,medium,0.000745,stable,,
AngularSecondMoment_3_03_256,measuretexture.get_texture,Texture_AngularSecondMoment_{image}_3_03_256,MeasureTexture,,medium,0.00124,stable,,
AngularSecondMoment_5_00_256,measuretexture.get_texture,Texture_AngularSecondMoment_{image}_5_00_256,MeasureTexture,,medium,0.0017,stable,,
AngularSecondMoment_5_01_256,measuretexture.get_texture,Texture_AngularSecondMoment_{image}_5_01_256,MeasureTexture,,medium,0.004152,stable,,
AngularSecondMoment_5_02_256,measuretexture.get_texture,Texture_AngularSecondMoment_{image}_5_02_256,MeasureTexture,,medium,0.002139,stable,,
AngularSecondMoment_5_03_256,measuretexture.get_texture,Texture_AngularSecondMoment_{image}_5_03_256,MeasureTexture,,medium,0.004264,stable,,
Area,measureobjectsizeshape.get_sizeshape,AreaShape_Area,MeasureObjectSizeShape,AreaShape_{cp_name}  (no channel needed — shape is image-independent),high,9e-06,stable,,
CentralMoment_0_0,measureobjectsizeshape.get_sizeshape,,MeasureObjectSizeShape,AreaShape_{cp_name}  (no channel needed — shape is image-independent),low,9e-06,stable,moment_rotation_correction,cp_measure only
Compactness,measureobjectsizeshape.get_sizeshape,AreaShape_Compactness,MeasureObjectSizeShape,AreaShape_{cp_name}  (no channel needed — shape is image-independent),high,0.004852,stable,,
ConvexArea,measureobjectsizeshape.get_sizeshape,AreaShape_ConvexArea,MeasureObjectSizeShape,AreaShape_{cp_name}  (no channel needed — shape is image-independent),medium,2e-05,stable,,
DifferenceEntropy_10_00_256,measuretexture.get_texture,Texture_DifferenceEntropy_{image}_10_00_256,MeasureTexture,,medium,0.009908,stable,,
DifferenceEntropy_3_00_256,measuretexture.get_texture,Texture_DifferenceEntropy_{image}_3_00_256,MeasureTexture,,medium,0.004319,stable,,
DifferenceEntropy_3_01_256,measuretexture.get_texture,Texture_DifferenceEntropy_{image}_3_01_256,MeasureTexture,,medium,0.004806,stable,,
DifferenceEntropy_3_02_256,measuretexture.get_texture,Texture_DifferenceEntropy_{image}_3_02_256,MeasureTexture,,medium,0.004569,stable,,
DifferenceEntropy_3_03_256,measuretexture.get_texture,Texture_DifferenceEntropy_{image}_3_03_256,MeasureTexture,,medium,0.004841,stable,,
DifferenceEntropy_5_00_256,measuretexture.get_texture,Texture_DifferenceEntropy_{image}_5_00_256,MeasureTexture,,medium,0.004984,stable,,
DifferenceEntropy_5_01_256,measuretexture.get_texture,Texture_DifferenceEntropy_{image}_5_01_256,MeasureTexture,,medium,0.006225,stable,,
DifferenceEntropy_5_02_256,measuretexture.get_texture,Texture_DifferenceEntropy_{image}_5_02_256,MeasureTexture,,medium,0.005428,stable,,
DifferenceEntropy_5_03_256,measuretexture.get_texture,Texture_DifferenceEntropy_{image}_5_03_256,MeasureTexture,,medium,0.006253,stable,,
DifferenceVariance_3_00_256,measuretexture.get_texture,Texture_DifferenceVariance_{image}_3_00_256,MeasureTexture,,medium,0.001121,stable,,
DifferenceVariance_3_01_256,measuretexture.get_texture,Texture_DifferenceVariance_{image}_3_01_256,MeasureTexture,,medium,0.001675,stable,,
DifferenceVariance_3_02_256,measuretexture.get_texture,Texture_DifferenceVariance_{image}_3_02_256,MeasureTexture,,medium,0.001451,stable,,
DifferenceVariance_3_03_256,measuretexture.get_texture,Texture_DifferenceVariance_{image}_3_03_256,MeasureTexture,,medium,0.001695,stable,,
DifferenceVariance_5_00_256,measuretexture.get_texture,Texture_DifferenceVariance_{image}_5_00_256,MeasureTexture,,medium,0.002165,stable,,
DifferenceVariance_5_01_256,measuretexture.get_texture,Texture_DifferenceVariance_{image}_5_01_256,MeasureTexture,,medium,0.004404,stable,,
DifferenceVariance_5_02_256,measuretexture.get_texture,Texture_DifferenceVariance_{image}_5_02_256,MeasureTexture,,medium,0.002831,stable,,
DifferenceVariance_5_03_256,measuretexture.get_texture,Texture_DifferenceVariance_{image}_5_03_256,MeasureTexture,,medium,0.004484,stable,,
Eccentricity,measureobjectsizeshape.get_sizeshape,AreaShape_Eccentricity,MeasureObjectSizeShape,AreaShape_{cp_name}  (no channel needed — shape is image-independent),high,0.002519,stable,,
Entropy_10_00_256,measuretexture.get_texture,Texture_Entropy_{image}_10_00_256,MeasureTexture,,medium,0.004278,stable,,
Entropy_10_02_256,measuretexture.get_texture,Texture_Entropy_{image}_10_02_256,MeasureTexture,,medium,0.005071,stable,,
Entropy_3_00_256,measuretexture.get_texture,Texture_Entropy_{image}_3_00_256,MeasureTexture,,medium,0.000422,stable,,
Entropy_3_01_256,measuretexture.get_texture,Texture_Entropy_{image}_3_01_256,MeasureTexture,,medium,0.000475,stable,,
Entropy_3_02_256,measuretexture.get_texture,Texture_Entropy_{image}_3_02_256,MeasureTexture,,medium,0.000426,stable,,
Entropy_3_03_256,measuretexture.get_texture,Texture_Entropy_{image}_3_03_256,MeasureTexture,,medium,0.00048,stable,,
Entropy_5_00_256,measuretexture.get_texture,Texture_Entropy_{image}_5_00_256,MeasureTexture,,medium,0.000615,stable,,
Entropy_5_01_256,measuretexture.get_texture,Texture_Entropy_{image}_5_01_256,MeasureTexture,,medium,0.001297,stable,,
Entropy_5_02_256,measuretexture.get_texture,Texture_Entropy_{image}_5_02_256,MeasureTexture,,medium,0.000663,stable,,
Entropy_5_03_256,measuretexture.get_texture,Texture_Entropy_{image}_5_03_256,MeasureTexture,,medium,0.001321,stable,,
EquivalentDiameter,measureobjectsizeshape.get_sizeshape,AreaShape_EquivalentDiameter,MeasureObjectSizeShape,AreaShape_{cp_name}  (no channel needed — shape is image-independent),high,9e-06,stable,,
FilledArea,measureobjectsizeshape.get_sizeshape,AreaShape_FilledArea,MeasureObjectSizeShape,AreaShape_{cp_name}  (no channel needed — shape is image-independent),low,9e-06,stable,,cp_measure only
FormFactor,measureobjectsizeshape.get_sizeshape,AreaShape_FormFactor,MeasureObjectSizeShape,AreaShape_{cp_name}  (no channel needed — shape is image-independent),high,0.003495,stable,,
HuMoment_0,measureobjectsizeshape.get_sizeshape,,MeasureObjectSizeShape,AreaShape_{cp_name}  (no channel needed — shape is image-independent),low,0.000193,stable,,cp_measure only
HuMoment_1,measureobjectsizeshape,,MeasureObjectSizeShape,,medium,0.000233,stable,,
InertiaTensorEigenvalues_0,measureobjectsizeshape.get_sizeshape,,MeasureObjectSizeShape,AreaShape_{cp_name}  (no channel needed — shape is image-independent),low,2.3e-05,stable,,cp_measure only
InertiaTensorEigenvalues_1,measureobjectsizeshape,,MeasureObjectSizeShape,,medium,2.3e-05,stable,,
Intensity_IntegratedIntensity,measureobjectintensity.get_intensity,Intensity_IntegratedIntensity_{image},MeasureObjectIntensity,{cp_name}_{image}  (append channel/image name),high,5e-06,stable,,
Intensity_IntegratedIntensityEdge,measureobjectintensity.get_intensity,Intensity_IntegratedIntensityEdge_{image},MeasureObjectIntensity,{cp_name}_{image}  (append channel/image name),high,0.009391,stable,,
Intensity_LowerQuartileIntensity,measureobjectintensity.get_intensity,Intensity_LowerQuartileIntensity_{image},MeasureObjectIntensity,{cp_name}_{image}  (append channel/image name),high,0.000205,stable,,
Intensity_MADIntensity,measureobjectintensity.get_intensity,Intensity_MADIntensity_{image},MeasureObjectIntensity,{cp_name}_{image}  (append channel/image name),high,0.002162,stable,,
Intensity_MassDisplacement,measureobjectintensity.get_intensity,Intensity_MassDisplacement_{image},MeasureObjectIntensity,{cp_name}_{image}  (append channel/image name),high,0.001031,stable,,
Intensity_MaxIntensity,measureobjectintensity.get_intensity,Intensity_MaxIntensity_{image},MeasureObjectIntensity,{cp_name}_{image}  (append channel/image name),high,0.000982,stable,,
Intensity_MaxIntensityEdge,measureobjectintensity.get_intensity,Intensity_MaxIntensityEdge_{image},MeasureObjectIntensity,{cp_name}_{image}  (append channel/image name),high,0.006673,stable,,
Intensity_MeanIntensity,measureobjectintensity.get_intensity,Intensity_MeanIntensity_{image},MeasureObjectIntensity,{cp_name}_{image}  (append channel/image name),high,0.000111,stable,,
Intensity_MeanIntensityEdge,measureobjectintensity.get_intensity,Intensity_MeanIntensityEdge_{image},MeasureObjectIntensity,{cp_name}_{image}  (append channel/image name),high,0.008361,stable,,
Intensity_MedianIntensity,measureobjectintensity.get_intensity,Intensity_MedianIntensity_{image},MeasureObjectIntensity,{cp_name}_{image}  (append channel/image name),high,7.4e-05,stable,,
Intensity_StdIntensity,measureobjectintensity.get_intensity,Intensity_StdIntensity_{image},MeasureObjectIntensity,{cp_name}_{image}  (append channel/image name),high,0.009343,stable,,
Intensity_UpperQuartileIntensity,measureobjectintensity.get_intensity,Intensity_UpperQuartileIntensity_{image},MeasureObjectIntensity,{cp_name}_{image}  (append channel/image name),high,5.5e-05,stable,,
InverseDifferenceMoment_3_00_256,measuretexture.get_texture,Texture_InverseDifferenceMoment_{image}_3_00_256,MeasureTexture,,medium,0.005345,stable,,
InverseDifferenceMoment_3_01_256,measuretexture.get_texture,Texture_InverseDifferenceMoment_{image}_3_01_256,MeasureTexture,,medium,0.004295,stable,,
InverseDifferenceMoment_3_02_256,measuretexture.get_texture,Texture_InverseDifferenceMoment_{image}_3_02_256,MeasureTexture,,medium,0.005753,stable,,
InverseDifferenceMoment_3_03_256,measuretexture.get_texture,Texture_InverseDifferenceMoment_{image}_3_03_256,MeasureTexture,,medium,0.004268,stable,,
InverseDifferenceMoment_5_00_256,measuretexture.get_texture,Texture_InverseDifferenceMoment_{image}_5_00_256,MeasureTexture,,medium,0.004046,stable,,
InverseDifferenceMoment_5_01_256,measuretexture.get_texture,Texture_InverseDifferenceMoment_{image}_5_01_256,MeasureTexture,,medium,0.004349,stable,,
InverseDifferenceMoment_5_02_256,measuretexture.get_texture,Texture_InverseDifferenceMoment_{image}_5_02_256,MeasureTexture,,medium,0.004489,stable,,
InverseDifferenceMoment_5_03_256,measuretexture.get_texture,Texture_InverseDifferenceMoment_{image}_5_03_256,MeasureTexture,,medium,0.004358,stable,,
MajorAxisLength,measureobjectsizeshape.get_sizeshape,AreaShape_MajorAxisLength,MeasureObjectSizeShape,AreaShape_{cp_name}  (no channel needed — shape is image-independent),high,1.5e-05,stable,,
MaxFeretDiameter,measureobjectsizeshape.get_feret,AreaShape_MaxFeretDiameter,MeasureObjectSizeShape,AreaShape_{cp_name},high,4.6e-05,stable,,
MaximumRadius,measureobjectsizeshape.get_sizeshape,AreaShape_MaximumRadius,MeasureObjectSizeShape,AreaShape_{cp_name}  (no channel needed — shape is image-independent),high,0.000204,stable,,
MeanRadius,measureobjectsizeshape.get_sizeshape,AreaShape_MeanRadius,MeasureObjectSizeShape,AreaShape_{cp_name}  (no channel needed — shape is image-independent),high,6.3e-05,stable,,
MedianRadius,measureobjectsizeshape.get_sizeshape,AreaShape_MedianRadius,MeasureObjectSizeShape,AreaShape_{cp_name}  (no channel needed — shape is image-independent),high,0.001399,stable,,
MinFeretDiameter,measureobjectsizeshape.get_feret,AreaShape_MinFeretDiameter,MeasureObjectSizeShape,AreaShape_{cp_name},high,0.000291,stable,,
MinorAxisLength,measureobjectsizeshape.get_sizeshape,AreaShape_MinorAxisLength,MeasureObjectSizeShape,AreaShape_{cp_name}  (no channel needed — shape is image-independent),high,3.7e-05,stable,,
Perimeter,measureobjectsizeshape.get_sizeshape,AreaShape_Perimeter,MeasureObjectSizeShape,AreaShape_{cp_name}  (no channel needed — shape is image-independent),high,0.000358,stable,,
PerimeterCrofton,measureobjectsizeshape.get_sizeshape,AreaShape_PerimeterCrofton,MeasureObjectSizeShape,AreaShape_{cp_name}  (no channel needed — shape is image-independent),medium,0.00036,stable,,
RadialDistribution_FracAtD_1of4,measureobjectintensitydistribution,RadialDistribution_FracAtD_1of4_{image},MeasureObjectIntensityDistribution,,medium,0.007303,stable,,
RadialDistribution_FracAtD_2of4,measureobjectintensitydistribution,RadialDistribution_FracAtD_2of4_{image},MeasureObjectIntensityDistribution,,medium,0.00665,stable,,
RadialDistribution_FracAtD_4of4,measureobjectintensitydistribution,RadialDistribution_FracAtD_4of4_{image},MeasureObjectIntensityDistribution,,medium,0.002873,stable,,
RadialDistribution_ZernikeMagnitude_0_0,measureobjectintensitydistribution,RadialDistribution_ZernikeMagnitude_0_0_{image},MeasureObjectIntensityDistribution,,medium,0.000134,stable,,
RadialDistribution_ZernikeMagnitude_2_0,measureobjectintensitydistribution,RadialDistribution_ZernikeMagnitude_2_0_{image},MeasureObjectIntensityDistribution,,medium,0.001282,stable,,
RadialDistribution_ZernikeMagnitude_2_2,measureobjectintensitydistribution,RadialDistribution_ZernikeMagnitude_2_2_{image},MeasureObjectIntensityDistribution,,medium,0.000408,stable,,
RadialDistribution_ZernikeMagnitude_4_0,measureobjectintensitydistribution,RadialDistribution_ZernikeMagnitude_4_0_{image},MeasureObjectIntensityDistribution,,medium,0.001005,stable,,
RadialDistribution_ZernikeMagnitude_4_2,measureobjectintensitydistribution,RadialDistribution_ZernikeMagnitude_4_2_{image},MeasureObjectIntensityDistribution,,medium,0.001773,stable,,
RadialDistribution_ZernikeMagnitude_4_4,measureobjectintensitydistribution,RadialDistribution_ZernikeMagnitude_4_4_{image},MeasureObjectIntensityDistribution,,medium,0.001799,stable,,
RadialDistribution_ZernikeMagnitude_6_0,measureobjectintensitydistribution,RadialDistribution_ZernikeMagnitude_6_0_{image},MeasureObjectIntensityDistribution,,medium,0.005889,stable,,
RadialDistribution_ZernikeMagnitude_6_2,measureobjectintensitydistribution,RadialDistribution_ZernikeMagnitude_6_2_{image},MeasureObjectIntensityDistribution,,medium,0.002503,stable,,
RadialDistribution_ZernikeMagnitude_6_4,measureobjectintensitydistribution,RadialDistribution_ZernikeMagnitude_6_4_{image},MeasureObjectIntensityDistribution,,medium,0.004391,stable,,
RadialDistribution_ZernikeMagnitude_6_6,measureobjectintensitydistribution,RadialDistribution_ZernikeMagnitude_6_6_{image},MeasureObjectIntensityDistribution,,medium,0.002981,stable,,
RadialDistribution_ZernikeMagnitude_8_2,measureobjectintensitydistribution,RadialDistribution_ZernikeMagnitude_8_2_{image},MeasureObjectIntensityDistribution,,medium,0.007015,stable,,
RadialDistribution_ZernikeMagnitude_8_6,measureobjectintensitydistribution,RadialDistribution_ZernikeMagnitude_8_6_{image},MeasureObjectIntensityDistribution,,medium,0.008644,stable,,
RadialDistribution_ZernikeMagnitude_8_8,measureobjectintensitydistribution,RadialDistribution_ZernikeMagnitude_8_8_{image},MeasureObjectIntensityDistribution,,medium,0.005643,stable,,
RadialDistribution_ZernikePhase_4_0,measureobjectintensitydistribution,RadialDistribution_ZernikePhase_4_0_{image},MeasureObjectIntensityDistribution,,medium,0.005222,stable,phase_minus_m_times_orientation,
RadialDistribution_ZernikePhase_6_0,measureobjectintensitydistribution,RadialDistribution_ZernikePhase_6_0_{image},MeasureObjectIntensityDistribution,,medium,0.003477,stable,phase_minus_m_times_orientation,
SpatialMoment_0_0,measureobjectsizeshape.get_sizeshape,,MeasureObjectSizeShape,AreaShape_{cp_name}  (no channel needed — shape is image-independent),low,9e-06,stable,moment_rotation_correction,cp_measure only — CellProfiler does not expose raw spatial moments
SumAverage_10_00_256,measuretexture.get_texture,Texture_SumAverage_{image}_10_00_256,MeasureTexture,,medium,0.000966,stable,,
SumAverage_10_01_256,measuretexture.get_texture,Texture_SumAverage_{image}_10_01_256,MeasureTexture,,medium,0.009004,stable,,
SumAverage_10_02_256,measuretexture.get_texture,Texture_SumAverage_{image}_10_02_256,MeasureTexture,,medium,0.000964,stable,,
SumAverage_10_03_256,measuretexture.get_texture,Texture_SumAverage_{image}_10_03_256,MeasureTexture,,medium,0.008972,stable,,
SumAverage_3_00_256,measuretexture.get_texture,Texture_SumAverage_{image}_3_00_256,MeasureTexture,,medium,7.5e-05,stable,,
SumAverage_3_01_256,measuretexture.get_texture,Texture_SumAverage_{image}_3_01_256,MeasureTexture,,medium,0.0001,stable,,
SumAverage_3_02_256,measuretexture.get_texture,Texture_SumAverage_{image}_3_02_256,MeasureTexture,,medium,7.5e-05,stable,,
SumAverage_3_03_256,measuretexture.get_texture,Texture_SumAverage_{image}_3_03_256,MeasureTexture,,medium,0.0001,stable,,
SumAverage_5_00_256,measuretexture.get_texture,Texture_SumAverage_{image}_5_00_256,MeasureTexture,,medium,0.000121,stable,,
SumAverage_5_01_256,measuretexture.get_texture,Texture_SumAverage_{image}_5_01_256,MeasureTexture,,medium,0.000203,stable,,
SumAverage_5_02_256,measuretexture.get_texture,Texture_SumAverage_{image}_5_02_256,MeasureTexture,,medium,0.00012,stable,,
SumAverage_5_03_256,measuretexture.get_texture,Texture_SumAverage_{image}_5_03_256,MeasureTexture,,medium,0.000203,stable,,
SumEntropy_10_00_256,measuretexture.get_texture,Texture_SumEntropy_{image}_10_00_256,MeasureTexture,,medium,0.005798,stable,,
SumEntropy_10_02_256,measuretexture.get_texture,Texture_SumEntropy_{image}_10_02_256,MeasureTexture,,medium,0.006944,stable,,
SumEntropy_3_00_256,measuretexture.get_texture,Texture_SumEntropy_{image}_3_00_256,MeasureTexture,,medium,0.000428,stable,,
SumEntropy_3_01_256,measuretexture.get_texture,Texture_SumEntropy_{image}_3_01_256,MeasureTexture,,medium,0.00071,stable,,
SumEntropy_3_02_256,measuretexture.get_texture,Texture_SumEntropy_{image}_3_02_256,MeasureTexture,,medium,0.000448,stable,,
SumEntropy_3_03_256,measuretexture.get_texture,Texture_SumEntropy_{image}_3_03_256,MeasureTexture,,medium,0.000723,stable,,
SumEntropy_5_00_256,measuretexture.get_texture,Texture_SumEntropy_{image}_5_00_256,MeasureTexture,,medium,0.000988,stable,,
SumEntropy_5_01_256,measuretexture.get_texture,Texture_SumEntropy_{image}_5_01_256,MeasureTexture,,medium,0.002153,stable,,
SumEntropy_5_02_256,measuretexture.get_texture,Texture_SumEntropy_{image}_5_02_256,MeasureTexture,,medium,0.001093,stable,,
SumEntropy_5_03_256,measuretexture.get_texture,Texture_SumEntropy_{image}_5_03_256,MeasureTexture,,medium,0.002214,stable,,
SumVariance_3_00_256,measuretexture.get_texture,Texture_SumVariance_{image}_3_00_256,MeasureTexture,,medium,0.006245,stable,,
SumVariance_3_01_256,measuretexture.get_texture,Texture_SumVariance_{image}_3_01_256,MeasureTexture,,medium,0.007831,stable,,
SumVariance_3_02_256,measuretexture.get_texture,Texture_SumVariance_{image}_3_02_256,MeasureTexture,,medium,0.006634,stable,,
SumVariance_3_03_256,measuretexture.get_texture,Texture_SumVariance_{image}_3_03_256,MeasureTexture,,medium,0.008069,stable,,
Variance_3_00_256,measuretexture.get_texture,Texture_Variance_{image}_3_00_256,MeasureTexture,,medium,0.007605,stable,,
Variance_3_01_256,measuretexture.get_texture,Texture_Variance_{image}_3_01_256,MeasureTexture,,medium,0.008405,stable,,
Variance_3_02_256,measuretexture.get_texture,Texture_Variance_{image}_3_02_256,MeasureTexture,,medium,0.007582,stable,,
Variance_3_03_256,measuretexture.get_texture,Texture_Variance_{image}_3_03_256,MeasureTexture,,medium,0.008562,stable,,
Variance_5_02_256,measuretexture.get_texture,Texture_Variance_{image}_5_02_256,MeasureTexture,,medium,0.009772,stable,,
Zernike_0_0,measureobjectsizeshape.get_zernike,AreaShape_Zernike_0_0,MeasureObjectSizeShape (Zernike option),AreaShape_Zernike_{n}_{m},high,0.000466,stable,,
Zernike_2_0,measureobjectsizeshape.get_zernike,AreaShape_Zernike_2_0,MeasureObjectSizeShape (Zernike option),AreaShape_Zernike_{n}_{m},high,0.001311,stable,,
Zernike_2_2,measureobjectsizeshape.get_zernike,AreaShape_Zernike_2_2,MeasureObjectSizeShape (Zernike option),AreaShape_Zernike_{n}_{m},high,0.002305,stable,,
Zernike_4_2,measureobjectsizeshape.get_zernike,AreaShape_Zernike_4_2,MeasureObjectSizeShape (Zernike option),AreaShape_Zernike_{n}_{m},high,0.004936,stable,,
HuMoment_2,measureobjectsizeshape,,MeasureObjectSizeShape,,medium,0.754123,test_artefact,,
HuMoment_3,measureobjectsizeshape,,MeasureObjectSizeShape,,medium,16.540394,test_artefact,,
HuMoment_4,measureobjectsizeshape,,MeasureObjectSizeShape,,medium,794.380005,test_artefact,,
HuMoment_5,measureobjectsizeshape,,MeasureObjectSizeShape,,medium,34.458817,test_artefact,,
HuMoment_6,measureobjectsizeshape,,MeasureObjectSizeShape,,medium,14.578012,test_artefact,,
Zernike_1_1,measureobjectsizeshape.get_zernike,AreaShape_Zernike_1_1,MeasureObjectSizeShape (Zernike option),AreaShape_Zernike_{n}_{m},high,2.133783,test_artefact,,
Zernike_3_1,measureobjectsizeshape.get_zernike,AreaShape_Zernike_3_1,MeasureObjectSizeShape (Zernike option),AreaShape_Zernike_{n}_{m},high,1.646915,test_artefact,,
Zernike_3_3,measureobjectsizeshape.get_zernike,AreaShape_Zernike_3_3,MeasureObjectSizeShape (Zernike option),AreaShape_Zernike_{n}_{m},high,2.927991,test_artefact,,
Zernike_5_1,measureobjectsizeshape.get_zernike,AreaShape_Zernike_5_1,MeasureObjectSizeShape (Zernike option),AreaShape_Zernike_{n}_{m},high,4.043367,test_artefact,,
Zernike_5_3,measureobjectsizeshape.get_zernike,AreaShape_Zernike_5_3,MeasureObjectSizeShape (Zernike option),AreaShape_Zernike_{n}_{m},high,0.605157,test_artefact,,
Zernike_5_5,measureobjectsizeshape.get_zernike,AreaShape_Zernike_5_5,MeasureObjectSizeShape (Zernike option),AreaShape_Zernike_{n}_{m},high,3.823194,test_artefact,,
Zernike_7_1,measureobjectsizeshape.get_zernike,AreaShape_Zernike_7_1,MeasureObjectSizeShape (Zernike option),AreaShape_Zernike_{n}_{m},high,3.272163,test_artefact,,
Zernike_7_3,measureobjectsizeshape.get_zernike,AreaShape_Zernike_7_3,MeasureObjectSizeShape (Zernike option),AreaShape_Zernike_{n}_{m},high,1.546975,test_artefact,,
Zernike_7_5,measureobjectsizeshape.get_zernike,AreaShape_Zernike_7_5,MeasureObjectSizeShape (Zernike option),AreaShape_Zernike_{n}_{m},high,1.677241,test_artefact,,
Zernike_7_7,measureobjectsizeshape.get_zernike,AreaShape_Zernike_7_7,MeasureObjectSizeShape (Zernike option),AreaShape_Zernike_{n}_{m},high,0.516407,test_artefact,,
Zernike_9_1,measureobjectsizeshape.get_zernike,AreaShape_Zernike_9_1,MeasureObjectSizeShape (Zernike option),AreaShape_Zernike_{n}_{m},high,2.17101,test_artefact,,
Zernike_9_3,measureobjectsizeshape.get_zernike,AreaShape_Zernike_9_3,MeasureObjectSizeShape (Zernike option),AreaShape_Zernike_{n}_{m},high,1.999058,test_artefact,,
Zernike_9_5,measureobjectsizeshape.get_zernike,AreaShape_Zernike_9_5,MeasureObjectSizeShape (Zernike option),AreaShape_Zernike_{n}_{m},high,0.453431,test_artefact,,
Zernike_9_7,measureobjectsizeshape.get_zernike,AreaShape_Zernike_9_7,MeasureObjectSizeShape (Zernike option),AreaShape_Zernike_{n}_{m},high,0.783705,test_artefact,,
Zernike_9_9,measureobjectsizeshape.get_zernike,AreaShape_Zernike_9_9,MeasureObjectSizeShape (Zernike option),AreaShape_Zernike_{n}_{m},high,0.848341,test_artefact,,
EulerNumber,measureobjectsizeshape.get_sizeshape,AreaShape_EulerNumber,MeasureObjectSizeShape,AreaShape_{cp_name}  (no channel needed — shape is image-independent),high,,constant,,
Granularity_10,measuregranularity.get_granularity,Granularity_10_{image},MeasureGranularity,,medium,,constant,,
Granularity_11,measuregranularity.get_granularity,Granularity_11_{image},MeasureGranularity,,medium,,constant,,
Granularity_12,measuregranularity.get_granularity,Granularity_12_{image},MeasureGranularity,,medium,,constant,,
Granularity_13,measuregranularity.get_granularity,Granularity_13_{image},MeasureGranularity,,medium,,constant,,
Granularity_14,measuregranularity.get_granularity,Granularity_14_{image},MeasureGranularity,,medium,,constant,,
Granularity_15,measuregranularity.get_granularity,Granularity_15_{image},MeasureGranularity,,medium,,constant,,
Granularity_16,measuregranularity.get_granularity,Granularity_16_{image},MeasureGranularity,,medium,,constant,,
Granularity_8,measuregranularity.get_granularity,Granularity_8_{image},MeasureGranularity,,medium,,constant,,
Granularity_9,measuregranularity.get_granularity,Granularity_9_{image},MeasureGranularity,,medium,,constant,,
Location_CenterMassIntensity_Z,measureobjectintensity.get_intensity,Location_CenterMassIntensity_Z_{image},MeasureObjectIntensity,,medium,,constant,,
Location_MaxIntensity_Z,measureobjectintensity.get_intensity,Location_MaxIntensity_Z_{image},MeasureObjectIntensity,,medium,,constant,,
RadialDistribution_ZernikePhase_0_0,measureobjectintensitydistribution,RadialDistribution_ZernikePhase_0_0_{image},MeasureObjectIntensityDistribution,,medium,,constant,phase_minus_m_times_orientation,
NormalizedMoment_0_0,measureobjectsizeshape.get_sizeshape,,MeasureObjectSizeShape,AreaShape_{cp_name}  (no channel needed — shape is image-independent),low,,,,cp_measure only
